ID,Label,T_20_CENS_Total,T_20_CENS_White,T_20_CENS_Hispanic,T_20_CENS_Black,T_20_CENS_Asian,T_20_CENS_Native,T_20_CENS_Pacific,V_20_VAP_Total,V_20_VAP_White,V_20_VAP_Hispanic,V_20_VAP_Black,V_20_VAP_Asian,V_20_VAP_Native,V_20_VAP_Pacific,E_16-20_COMP_Total,E_16-20_COMP_Dem,E_16-20_COMP_Rep
0,Un,0,0,0,0,0,0,0,0,0,0,0,0,0,0,0,0,0
1,1,66489,60156,1533,2142,735,1580,55,53650,49215,977,1370,527,1259,42,24031,5555,18104
2,2,66492,59731,1613,2514,884,1437,57,53806,49171,1021,1645,606,1122,30,27239,6512,20313
3,3,66510,61410,1254,1516,466,1653,64,54264,50406,843,1195,339,1302,53,25888,4821,20692
4,4,66545,60639,2219,1255,474,1782,52,54206,49983,1490,810,355,1410,34,24835,4926,19517
5,5,70152,63143,2535,2025,560,1672,87,56339,51450,1585,1391,378,1288,49,23276,4607,18258
6,6,66545,57018,2987,3210,1443,1673,64,53527,46728,2026,2218,1042,1279,44,27227,7948,18832
7,7,66456,55588,3149,4453,1271,1752,86,54167,46363,2028,3158,950,1353,61,23054,7376,15249
8,8,66819,59463,2311,2056,670,2006,48,54125,48892,1503,1406,486,1547,36,27455,7124,19867
9,9,67032,62666,979,1157,430,1518,45,53948,50662,661,814,328,1239,31,22479,4010,18132
10,10,72308,57030,9477,3042,938,2034,370,55866,46135,5505,2063,683,1495,227,22276,4856,17075
11,11,70616,63137,2949,1965,553,1881,69,56389,51347,1757,1275,376,1462,53,23992,4519,19088
12,12,66611,55788,6722,1052,1181,1843,57,53084,45841,4166,659,888,1420,45,24964,5259,19084
13,13,66978,39636,9778,13340,3123,1549,142,47845,29871,6184,8807,2073,1067,98,21322,9067,11802
14,14,71287,59934,2807,2319,4567,1228,74,54047,46262,1853,1576,3123,888,52,35926,13136,22108
15,15,69119,40052,5503,20375,1929,1936,99,57095,35873,3661,14682,1738,1472,67,17429,12022,4910
16,16,67860,57911,3575,3378,1047,1895,88,53514,46864,2144,2203,769,1395,63,26965,8538,17923
17,17,67553,60499,3068,1305,608,1796,51,53903,49106,1903,804,439,1396,39,23009,4653,17885
18,18,70138,55943,4587,5105,2437,1665,122,55613,45776,2958,3440,1779,1281,84,31037,13804,16571
19,19,66578,58980,1922,2962,702,1699,89,52362,47041,1202,2058,471,1365,55,24666,6215,18003
20,20,68461,58489,3398,3023,1275,2024,80,53540,46857,2088,1966,861,1519,52,26254,7639,18091
21,21,66465,58043,4138,1648,567,1778,62,53880,48195,2555,1108,427,1360,31,27855,6394,20993
22,22,68862,62450,1980,1456,414,2264,71,54631,50012,1244,940,320,1840,50,26135,4794,20952
23,23,66454,58281,2407,2761,661,2287,72,52480,46786,1533,1815,469,1779,42,23374,4521,18521
24,24,70060,53516,6998,5938,1428,2472,180,54624,43434,4349,4080,993,1852,116,23088,5694,16924
25,25,69547,63187,3035,708,622,1774,54,57064,52634,1892,391,473,1409,51,29788,6494,22881
26,26,73213,61571,2699,4680,2143,1861,79,58715,50265,1878,3241,1585,1522,49,32758,11904,20234
27,27,73202,62281,3452,3889,1523,1970,90,58464,50779,2233,2746,1069,1484,65,32436,12314,19477
28,28,73251,22039,7692,41683,958,1700,101,56661,19437,4643,31058,744,1203,69,23844,18594,4783
29,29,73260,54749,4855,9026,2780,1819,140,58550,45003,3289,6693,2063,1385,92,29160,9423,19227
30,30,73281,49299,8377,10622,3214,2115,102,57057,40701,5131,7452,2391,1557,65,28435,11390,16496
31,31,69777,62045,3123,2023,543,2040,71,55285,49740,1976,1567,373,1578,36,23730,4795,18545
32,32,71040,61833,3853,2172,872,2005,91,56743,50484,2368,1430,596,1574,45,28506,7130,20768
33,33,67047,56633,2672,4038,1337,2125,96,52844,45676,1661,2654,964,1630,65,25380,9135,15695
34,34,69817,45482,5798,13928,3267,1624,101,52552,35650,3841,9575,2317,1241,71,23117,9490,13108
35,35,68762,50088,5143,10889,1134,1648,93,53205,40314,3301,7555,758,1246,66,25377,7957,16982
36,36,71827,67767,1077,686,311,1723,63,56711,53792,690,418,219,1362,37,22210,4189,17661
37,37,66733,44398,7618,10538,2778,1559,141,51217,35802,4867,7483,1886,1165,99,23072,9034,13569
38,38,68170,63524,2229,651,281,1383,72,52682,49605,1315,341,194,1117,32,23285,4176,18818
39,39,71611,62553,2103,3840,753,2003,69,57315,50756,1360,2705,546,1642,44,26513,7471,18687
40,40,68874,61745,2767,1609,489,1842,86,53969,49105,1703,1042,328,1411,60,25042,6086,18585
41,41,67446,62623,1047,1533,393,1640,61,53319,49661,651,1262,269,1280,30,24114,5275,18477
42,42,71452,59908,5157,3038,1478,2046,122,56711,48758,3164,2177,1116,1492,82,24379,7341,16568
43,43,68304,58813,4679,2266,607,1785,85,52828,46489,2918,1460,418,1367,61,22777,5739,16673
44,44,71164,60507,3589,3637,1388,1786,78,53852,46801,2285,2368,907,1266,56,24151,6345,17426
45,45,67970,53360,4513,6259,1821,1788,154,52029,42092,2893,4217,1243,1325,111,28273,9123,18701
46,46,72506,58234,4562,6661,1117,1810,69,55911,46189,2859,4543,759,1393,53,27647,7671,19367
47,47,71418,61603,3434,3146,938,2139,67,55368,48854,2100,1972,647,1624,37,24271,6109,17573
48,48,70958,49271,5395,11797,2993,1585,109,54916,39316,3547,8546,2262,1174,72,25534,9751,15271
49,49,67000,40407,9728,11761,3921,1646,139,49016,31365,6112,7855,2630,1215,91,21075,8881,11722
50,50,66496,47037,5660,8580,3636,1561,123,54833,40439,3815,6415,2809,1256,90,29383,14856,13604
51,51,73097,49895,7408,12024,2317,1701,83,63110,44869,5341,9627,1924,1439,59,31709,22334,8344
52,52,73215,29442,17002,23765,2322,1701,117,55851,24459,11156,17907,1714,1304,82,21540,14781,5779
53,53,73123,35319,16910,12982,7074,1664,140,56077,29546,11099,9619,5035,1304,100,24267,14809,8435
54,54,71389,20416,7824,41345,1162,1331,112,55439,18005,5014,30894,897,1035,76,28997,22624,4898
55,55,73264,21850,23443,22665,4995,1756,137,54216,18210,15192,16920,3537,1349,91,17666,12851,3864
56,56,72841,57439,3877,4935,5431,1008,92,64280,51248,3119,4127,4730,855,81,24430,15750,7935
57,57,72464,58332,3653,5458,3090,1586,120,54732,45279,2301,3758,1985,1165,68,31546,10393,20457
58,58,67755,20568,5511,39603,1550,1154,106,52901,18754,3692,28549,1334,909,82,21410,17736,2660
59,59,71515,58509,3110,4932,3767,1148,103,56698,47276,2121,3550,2769,887,79,34693,16795,17032
60,60,73189,46360,7374,14983,2898,1857,132,59413,40268,4962,10556,2179,1477,103,30478,15845,13568
61,61,72273,59186,2992,2687,6075,1024,105,54524,45698,2027,1866,3959,734,58,37430,13341,23225
62,62,73200,55792,8292,6708,709,1967,107,55782,44449,4902,4588,476,1414,67,24022,5641,17966
63,63,68077,53865,2976,3339,6386,1048,102,47513,38523,1789,2158,3990,722,51,30859,10383,19756
64,64,73250,53440,6416,10353,1180,1725,106,56365,42823,4021,7295,835,1270,58,26935,9107,17364
65,65,71089,57958,5574,3942,1908,1397,93,53272,44508,3537,2833,1170,1002,54,33258,11110,21269
66,66,72803,57049,6878,6142,807,1876,94,55560,45026,4227,4204,535,1454,58,27439,7546,19460
67,67,73358,37911,8173,23010,3019,2124,635,54193,29614,5221,16003,2111,1492,374,17818,9251,7915
68,68,73358,53833,5224,9619,2962,1926,445,53789,40850,3179,6434,1897,1352,223,26508,8944,16965
69,69,66449,58458,2575,2960,514,1767,68,51930,46216,1705,2121,362,1341,44,22650,5825,16438
70,70,70318,61278,1845,4532,555,1876,93,54537,48245,1167,3121,357,1442,51,25262,5575,19292
71,71,71660,61901,2473,4898,576,1650,79,55790,48866,1563,3521,398,1266,51,24569,5466,18785
72,72,66452,59494,1611,3365,392,1431,50,52489,47583,1023,2314,273,1106,41,24350,4573,19306
73,73,67335,45577,3358,15735,1415,1207,36,53382,37839,2057,11450,1004,942,26,27965,9404,18147
74,74,68223,61199,1648,2647,639,1748,97,53748,48993,979,1686,431,1354,70,25501,6916,18165
75,75,73353,39550,9537,19942,3000,2313,862,52640,30029,6034,13124,2095,1607,544,15946,7272,8057
76,76,67446,56689,1950,6431,603,1542,99,53974,46194,1277,4628,416,1239,80,23751,5881,17412
77,77,66446,51019,2591,11020,439,1240,79,51618,40895,1561,7747,314,972,60,22488,4890,17205
78,78,66445,58431,2853,2482,601,1817,90,52033,46562,1795,1617,404,1384,55,25662,7383,17849
79,79,66512,52496,1766,10423,373,1329,77,51565,41652,1075,7409,259,1037,55,24099,5938,17744
80,80,66655,23332,2455,39938,452,788,84,51920,19639,1689,29836,330,630,63,20607,12167,8050
81,81,66450,48686,1879,13177,817,1701,138,50475,37743,1134,9605,534,1279,89,24455,6565,17435
82,82,66447,46625,3112,14767,493,1412,92,50811,36744,1875,10781,313,1054,52,22772,6447,16020
83,83,70768,46708,2811,15303,4797,1007,74,55592,37730,1966,11443,3497,757,54,34326,14257,19471
84,84,69797,3671,8570,57036,578,794,57,50137,3387,5501,40803,464,575,43,16663,14963,1335
85,85,70309,5852,3883,57811,2565,649,67,53818,5073,2504,43965,2057,493,48,27430,24381,2539
86,86,70005,18463,2820,46252,1714,1051,76,55272,16594,2103,34516,1438,841,56,22376,16582,5248
87,87,72056,7585,10669,52855,946,1003,68,51918,6666,6562,37961,731,716,57,18331,15728,2165
88,88,72369,19125,3726,47161,1781,1047,74,54445,16139,2334,34052,1384,784,54,23267,16627,6070
89,89,66807,53926,3908,4407,2560,1749,96,51424,42616,2463,2970,1834,1293,63,27563,9604,17333
90,90,67182,47044,6266,9888,2128,2206,187,54547,40535,4025,6674,1756,1713,125,22070,12491,8985
91,91,71786,15615,3801,50676,1315,1046,67,56541,13989,2448,38584,1112,841,45,22853,19311,2995
92,92,70605,57654,4954,4813,1410,1548,117,50421,42253,2915,3179,801,1100,71,26416,7680,18123
93,93,72800,13145,12443,45333,1528,1309,105,54990,11514,7702,34204,1171,984,79,19547,15198,3821
94,94,70535,52523,1916,13783,562,1551,73,56669,43010,1235,10615,410,1214,62,29653,7811,21328
95,95,69000,48408,3277,8329,7699,1197,94,51671,37444,2089,6082,5141,826,77,33092,10052,22514
96,96,71735,20246,6608,41324,2792,1068,84,55076,17680,4460,30140,2179,819,51,24377,17063,6788
97,97,72630,49019,8461,10774,3286,1239,114,57420,40823,5285,8013,2394,948,81,29077,14157,14345
98,98,73201,17247,7102,46568,1733,1121,86,54331,14688,4453,33310,1339,843,64,22340,15575,6268
99,99,73288,51656,3536,13335,3108,1636,156,54852,39573,2110,9729,2129,1189,87,32321,10314,21401