GEOID20,NAME,STATE,DIST,STATEFP,SLDL,C_TOT23,CTOTMOE,C_NHS23,CNHSMOE,C_AMI23,CAMIMOE,C_ASI23,CASIMOE,C_BLA23,CBLAMOE,C_NHP23,CNHPMOE,C_WHT23,CWHTMOE,C_AIW23,CAIWMOE,C_ASW23,CASWMOE,C_BLW23,CBLWMOE,C_AIB23,CAIBMOE,C_2OM23,C2OMMOE,C_HSP23,CHSPMOE,C_AIA23,CAIAMOE,C_ASN23,CASNMOE,C_BLK23,CBLKMOE,CVAP_TOT23,CVAPTOTMOE,CVAP_NHS23,CVAPNHSMOE,CVAP_AMI23,CVAPAMIMOE,CVAP_ASI23,CVAPASIMOE,CVAP_BLA23,CVAPBLAMOE,CVAP_NHP23,CVAPNHPMOE,CVAP_WHT23,CVAPWHTMOE,CVAP_AIW23,CVAPAIWMOE,CVAP_ASW23,CVAPASWMOE,CVAP_BLW23,CVAPBLWMOE,CVAP_AIB23,CVAPAIBMOE,CVAP_2OM23,CVAP2OMMOE,CVAP_HSP23,CVAPHSPMOE,CVAP_AIA23,CVAPAIAMOE,CVAP_ASN23,CVAPASNMOE,CVAP_BLK23,CVAPBLKMOE,ALL_TOT23,ALLTOTMOE,ALL_NHS23,ALLNHSMOE,ALL_AMI23,ALLAMIMOE,ALL_ASI23,ALLASIMOE,ALL_BLA23,ALLBLAMOE,ALL_NHP23,ALLNHPMOE,ALL_WHT23,ALLWHTMOE,ALL_AIW23,ALLAIWMOE,ALL_ASW23,ALLASWMOE,ALL_BLW23,ALLBLWMOE,ALL_AIB23,ALLAIBMOE,ALL_2OM23,ALL2OMMOE,ALL_HSP23,ALLHSPMOE,ALL_AIA23,ALLAIAMOE,ALL_ASN23,ALLASNMOE,ALL_BLK23,ALLBLKMOE,VAP_TOT23,VAPTOTMOE,VAP_NHS23,VAPNHSMOE,VAP_AMI23,VAPAMIMOE,VAP_ASI23,VAPASIMOE,VAP_BLA23,VAPBLAMOE,VAP_NHP23,VAPNHPMOE,VAP_WHT23,VAPWHTMOE,VAP_AIW23,VAPAIWMOE,VAP_ASW23,VAPASWMOE,VAP_BLW23,VAPBLWMOE,VAP_AIB23,VAPAIBMOE,VAP_2OM23,VAP2OMMOE,VAP_HSP23,VAPHSPMOE,VAP_AIA23,VAPAIAMOE,VAP_ASN23,VAPASNMOE,VAP_BLK23,VAPBLKMOE
47001,"State House District 1 (2022), Tennessee",Tennessee,State House District 1 (2022),47,1,67380,1819,65630,1789,75,46,380,192,1385,307,0,32,62220,1697,445,88,190,107,845,297,0,32,100,60,1750,325,520,104.33,570,219.8,2230,428.35,53590,1336,52515,1304,70,44,330,143,1155,235,0,32,49980,1272,410,82,95,61,385,145,0,32,90,56,1075,194,480,98.41,425,155.47,1540,277.98,67890,1812,65945,1779,75,46,505,211,1390,308,0,32,62380,1700,445,88,190,107,845,297,0,32,115,61,1945,367,520,104.33,695,236.58,2235,429.07,54100,1329,52830,1299,70,44,455,164,1160,235,0,32,50145,1273,410,82,95,61,385,145,0,32,110,58,1275,227,480,98.41,550,174.98,1545,277.98
47002,"State House District 2 (2022), Tennessee",Tennessee,State House District 2 (2022),47,2,65485,1819,64195,1771,110,68,440,229,1510,335,0,32,60970,1736,365,82,70,80,680,258,25,40,25,29,1290,322,500,113.79,510,242.57,2215,424.72,53750,1393,52920,1368,105,67,240,123,1155,243,0,32,50825,1313,260,69,35,65,250,137,25,40,25,29,830,186,390,104.16,275,139.12,1430,281.81,66030,1822,64510,1771,110,68,475,245,1510,335,0,32,61185,1750,365,82,80,91,735,247,25,40,25,29,1520,343,500,113.79,555,261.35,2270,418.13,54205,1398,53195,1370,105,67,275,139,1155,243,0,32,51040,1327,260,69,50,78,265,137,25,40,25,29,1010,219,390,104.16,325,159.39,1445,281.81
47003,"State House District 3 (2022), Tennessee",Tennessee,State House District 3 (2022),47,3,65870,1946,64980,1963,120,84,505,189,1160,300,0,32,61650,2019,860,270,170,66,470,250,0,32,45,46,890,230,980,284.57,675,200.19,1630,391.82,53850,1566,53410,1579,50,40,440,151,1005,225,0,32,50810,1610,700,213,150,66,215,153,0,32,35,32,440,148,750,219.07,590,164.79,1220,273.97,66450,1951,65220,1963,120,84,540,200,1205,298,0,32,61805,2021,860,270,180,66,470,250,0,32,45,46,1230,240,980,284.57,720,210.61,1675,390.29,54370,1595,53650,1590,50,40,475,163,1050,229,0,32,50965,1617,700,213,160,67,215,153,0,32,35,32,720,183,750,219.07,635,176.23,1265,277.26
47004,"State House District 4 (2022), Tennessee",Tennessee,State House District 4 (2022),47,4,65980,862,63895,827,75,62,85,145,1055,241,20,33,61520,826,590,97,200,145,270,112,0,32,80,100,2085,140,665,119.49,285,205.06,1325,267.67,54070,619,52820,583,30,28,80,114,860,163,20,33,51165,586,460,74,95,65,80,59,0,32,30,49,1250,122,490,85.35,175,131.23,940,176.28,66845,807,64430,794,75,62,170,150,1205,150,20,33,61800,800,590,97,200,145,290,132,0,32,80,100,2415,53,665,119.49,370,208.63,1495,202.36,54810,596,53250,577,30,28,165,107,1010,100,20,33,51365,576,460,74,95,65,80,59,0,32,30,49,1555,52,490,85.35,260,125.2,1090,120.44
47005,"State House District 5 (2022), Tennessee",Tennessee,State House District 5 (2022),47,5,70270,178,68080,77,55,45,380,98,1305,219,20,37,64905,67,510,47,100,94,665,233,0,32,145,170,2190,177,565,72.51,480,135.79,1970,321.36,56710,189,55425,77,40,42,290,58,1030,122,20,37,53180,66,410,30,25,44,350,131,0,32,85,83,1285,186,450,60.73,315,72.8,1380,181.85,70920,0,68255,0,55,47,390,92,1335,228,20,37,65035,32,510,47,100,94,665,233,0,32,145,170,2660,0,565,73.77,490,131.53,2000,327.56,57315,30,55600,29,45,43,305,47,1055,123,20,37,53310,32,410,30,25,44,350,131,0,32,85,83,1715,0,455,61.42,330,64.38,1405,182.52
47006,"State House District 6 (2022), Tennessee",Tennessee,State House District 6 (2022),47,6,67270,1864,65195,1806,50,59,920,240,1805,469,35,57,60525,1816,615,108,255,107,800,269,20,36,165,162,2075,497,685,128.22,1175,262.77,2625,541.87,54740,1428,53445,1427,20,23,630,208,1385,327,35,57,49965,1416,545,86,190,88,515,225,20,32,145,156,1295,299,585,94.6,820,225.85,1920,398.22,68230,1935,65860,1860,50,59,1260,303,1855,491,35,57,60790,1842,615,108,260,106,810,270,20,36,165,162,2370,549,685,128.22,1520,321.01,2685,561.5,55585,1472,54050,1459,20,23,955,236,1435,346,35,57,50180,1427,545,86,195,89,525,226,20,32,145,156,1535,321,585,94.6,1150,252.22,1980,414.51
47007,"State House District 7 (2022), Tennessee",Tennessee,State House District 7 (2022),47,7,64840,1960,61870,1893,30,26,620,193,2940,484,0,32,56390,1840,270,96,355,175,1015,297,10,17,240,160,2970,482,310,100.9,975,260.53,3965,568.11,52280,1497,50655,1485,30,26,540,184,2375,332,0,32,46640,1430,240,83,235,108,430,154,10,17,155,110,1625,327,280,88.62,775,213.35,2815,366.37,66460,1934,62475,1862,30,26,800,247,3245,462,0,32,56510,1842,270,96,355,175,1015,297,10,17,240,160,3985,549,310,100.9,1155,302.71,4270,549.49,53760,1472,51170,1459,30,26,720,215,2590,314,0,32,46760,1427,240,83,235,108,430,154,10,17,155,110,2590,321,280,88.62,955,240.6,3030,350.14
47008,"State House District 8 (2022), Tennessee",Tennessee,State House District 8 (2022),47,8,66835,1791,65110,1799,50,40,240,125,1560,379,40,49,61835,1779,425,91,315,181,620,202,0,32,20,24,1725,458,475,104.43,555,219.97,2180,430.66,54945,1448,53785,1455,45,34,145,83,1225,281,40,49,51580,1420,395,82,130,82,215,108,0,32,20,24,1155,316,440,94.36,275,116.67,1440,302.74,67885,1809,65400,1785,50,40,285,121,1620,378,40,49,62025,1777,425,91,315,181,620,202,0,32,20,24,2485,566,475,104.43,600,217.72,2240,429.78,55900,1457,54030,1452,45,34,185,87,1280,283,40,49,51725,1420,395,82,130,82,215,108,0,32,20,24,1870,385,440,94.36,315,119.55,1495,304.59
47009,"State House District 9 (2022), Tennessee",Tennessee,State House District 9 (2022),47,9,67955,1145,66900,1156,45,33,250,114,750,240,0,32,64660,1176,665,79,140,85,205,112,30,52,150,85,1060,234,740,100.17,390,142.2,985,269.9,54385,853,53650,879,40,30,215,100,610,188,0,32,51800,878,540,69,120,85,170,93,30,52,125,78,735,179,610,91.46,335,131.24,810,216.09,68505,1150,67250,1151,45,33,330,132,770,242,0,32,64915,1180,665,79,140,85,205,112,30,52,150,85,1255,234,740,100.17,470,157.0,1005,271.68,54910,850,53980,869,40,30,290,118,630,191,0,32,52035,882,540,69,120,85,170,93,30,52,125,78,930,171,610,91.46,410,145.43,830,218.71
47010,"State House District 10 (2022), Tennessee",Tennessee,State House District 10 (2022),47,10,69865,1185,63925,1089,80,46,285,148,1765,365,205,189,60040,1021,355,75,160,104,935,367,15,20,80,71,5940,605,450,90.23,445,180.89,2715,517.99,53045,1024,50705,908,80,46,225,122,1505,274,110,124,48080,852,255,67,60,69,310,249,15,20,65,59,2340,439,350,83.7,285,140.16,1830,370.78,73790,1100,64805,1038,80,46,600,176,1765,365,570,450,60170,1029,355,75,230,185,935,367,15,20,80,71,8985,491,450,90.23,830,255.34,2715,517.99,56640,928,51550,848,80,46,505,106,1505,274,475,373,48205,856,255,67,130,110,310,249,15,20,65,58,5085,342,350,83.7,635,152.76,1830,370.78
47011,"State House District 11 (2022), Tennessee",Tennessee,State House District 11 (2022),47,11,69485,1527,66695,1519,160,81,180,56,1210,277,50,52,63425,1508,730,101,95,64,735,310,0,32,110,96,2790,543,890,133.36,275,85.04,1945,416.96,55260,1271,53780,1197,100,47,75,35,990,196,50,52,51545,1199,625,96,65,48,310,160,0,32,25,27,1480,324,725,111.58,140,59.41,1300,255.03,70190,1512,66955,1522,160,81,355,115,1215,277,50,52,63510,1517,730,101,95,64,735,310,0,32,110,96,3235,624,890,133.36,450,131.61,1950,416.96,55940,1261,54040,1194,100,47,250,99,990,197,50,52,51630,1206,625,96,65,48,310,160,0,32,25,27,1900,388,725,111.58,315,110.02,1300,255.8
47012,"State House District 12 (2022), Tennessee",Tennessee,State House District 12 (2022),47,12,63080,1528,59885,1480,100,67,425,212,770,174,50,93,57140,1342,420,105,260,172,525,254,20,33,170,129,3195,640,540,128.85,685,273.0,1315,309.65,49430,1109,48340,1120,100,68,290,142,725,167,0,32,46350,1033,335,87,220,162,260,163,20,33,40,46,1095,293,455,115.25,510,215.43,1005,235.68,67660,1607,60680,1526,100,67,720,274,770,174,50,93,57575,1372,420,105,330,195,525,254,20,33,170,129,6980,715,540,128.85,1050,336.3,1315,309.65,53155,1215,49125,1174,100,68,585,201,725,167,0,32,46785,1073,335,87,280,170,260,163,20,33,40,46,4025,411,455,115.25,865,263.25,1005,235.68
47013,"State House District 13 (2022), Tennessee",Tennessee,State House District 13 (2022),47,13,64095,2650,58410,2683,45,54,2210,593,11505,1789,60,38,42315,2522,325,143,575,360,990,382,20,40,360,141,5685,909,390,158.0,2785,693.72,12515,1829.77,46115,2039,43240,2092,45,54,1590,434,8370,1156,60,38,32050,1871,245,104,310,312,485,336,20,40,55,68,2875,592,310,123.82,1900,534.51,8875,1204.5,69180,2917,60185,2813,45,54,3055,807,12005,1791,60,38,42720,2515,325,143,575,360,1015,386,20,40,360,141,8990,1399,390,158.0,3630,883.66,13040,1832.56,50655,2289,44845,2176,45,54,2400,647,8825,1155,60,38,32370,1870,245,104,310,312,515,348,20,40,55,68,5810,978,310,123.82,2710,718.3,9360,1206.95
47014,"State House District 14 (2022), Tennessee",Tennessee,State House District 14 (2022),47,14,69545,2163,67210,2237,60,43,2145,406,1525,494,75,65,61820,2127,300,106,440,176,700,307,15,26,135,102,2340,547,375,117.31,2585,442.51,2240,582.2,52365,1559,50595,1512,45,34,1480,348,1260,412,65,61,46980,1408,195,74,205,101,255,164,15,26,90,87,1770,403,255,85.49,1685,362.36,1530,444.2,71230,2167,68615,2235,60,43,2870,510,1575,506,75,65,62390,2131,300,106,445,175,750,310,15,26,135,102,2615,586,375,117.31,3315,539.19,2340,593.98,53870,1549,51860,1476,45,34,2165,401,1280,416,65,61,47490,1399,195,74,205,101,305,182,15,26,90,87,2010,433,255,85.49,2370,413.52,1600,454.81
47015,"State House District 15 (2022), Tennessee",Tennessee,State House District 15 (2022),47,15,68295,2209,64875,2205,35,28,625,246,17400,1211,0,32,43900,1971,395,100,365,135,1875,479,50,44,225,119,3420,654,480,112.78,990,280.61,19325,1303.03,56525,1804,54520,1789,35,28,585,227,13150,880,0,32,38950,1513,380,100,355,134,805,256,50,44,205,115,2005,391,465,112.78,940,263.6,14005,917.54,70865,2246,66025,2247,55,38,960,391,17880,1273,0,32,44200,2001,395,100,365,135,1875,479,50,44,250,126,4840,889,500,115.67,1325,413.65,19805,1360.85,58830,1818,55505,1820,45,31,875,327,13515,899,0,32,39250,1539,380,100,355,134,805,256,50,44,230,120,3325,594,475,113.56,1230,353.39,14370,935.77
47016,"State House District 16 (2022), Tennessee",Tennessee,State House District 16 (2022),47,16,63790,2483,60675,2338,50,55,555,246,2430,695,0,32,56030,2327,340,98,320,186,760,388,170,255,25,38,3115,809,560,278.66,875,308.4,3360,835.82,51175,1974,49710,1929,50,55,480,219,1690,438,0,32,46465,1907,295,90,140,102,400,297,170,255,25,38,1465,395,515,275.95,620,241.59,2260,587.43,66040,2754,61810,2464,50,55,695,280,2635,768,0,32,56815,2418,340,98,320,186,760,388,170,255,25,37,4230,1170,560,278.66,1015,336.15,3565,897.44,53065,2144,50485,1984,50,55,620,249,1860,486,0,32,46925,1939,295,90,140,102,400,297,170,255,25,37,2580,691,515,275.95,760,269.08,2430,624.04
47017,"State House District 17 (2022), Tennessee",Tennessee,State House District 17 (2022),47,17,67385,1914,64340,1886,75,66,350,164,490,138,4,12,62100,1781,570,126,110,53,510,261,10,17,120,115,3040,678,655,143.25,460,172.35,1010,295.73,54155,1577,52485,1541,75,66,170,84,440,135,4,12,50915,1469,495,107,35,32,230,164,10,17,105,103,1670,368,580,126.86,205,89.89,680,213.1,68360,1967,64745,1936,75,66,590,356,490,138,4,12,62265,1784,570,126,110,53,510,261,10,17,120,115,3615,857,655,143.25,700,359.92,1010,295.73,55110,1594,52885,1574,75,66,410,233,440,135,4,12,51080,1464,495,107,35,32,230,164,10,17,105,103,2225,513,580,126.86,445,235.19,680,213.1
47018,"State House District 18 (2022), Tennessee",Tennessee,State House District 18 (2022),47,18,68755,2433,65705,2450,45,34,1360,403,3985,960,70,96,58055,2548,385,98,590,228,935,295,0,32,280,168,3050,746,430,108.55,1950,463.03,4920,1004.81,54065,1886,52485,1888,40,31,1130,350,3000,714,55,76,46935,1895,275,71,300,148,560,237,0,32,190,145,1580,484,315,83.82,1430,380.01,3560,752.99,71825,2572,66870,2492,45,34,2015,548,4055,963,70,96,58480,2551,385,98,600,230,935,295,0,32,280,168,4955,1122,430,108.55,2615,594.31,4990,1007.68,56335,1910,53495,1878,40,31,1660,411,3070,720,55,76,47330,1903,275,71,315,149,560,237,0,32,190,145,2845,637,315,83.82,1975,437.18,3630,758.68
47019,"State House District 19 (2022), Tennessee",Tennessee,State House District 19 (2022),47,19,69000,2385,67255,2299,90,51,1135,564,2465,526,0,32,62035,2217,495,125,250,112,665,253,60,55,55,48,1745,474,645,145.78,1385,575.01,3190,586.27,53805,1854,52985,1815,80,53,875,477,1680,338,0,32,49410,1748,415,111,130,79,280,136,60,55,55,48,825,256,555,134.74,1005,483.5,2020,368.46,69925,2432,67545,2295,90,51,1200,571,2645,600,0,32,62080,2221,495,125,250,112,665,253,60,55,55,48,2380,634,645,145.78,1450,581.88,3370,653.48,54540,1888,53190,1816,80,53,935,483,1800,377,0,32,49435,1752,415,111,130,79,280,136,60,55,55,48,1350,383,555,134.74,1065,489.42,2140,404.54
47020,"State House District 20 (2022), Tennessee",Tennessee,State House District 20 (2022),47,20,68495,1792,65885,1776,25,25,615,174,2050,489,0,32,61410,1785,620,101,290,155,735,366,75,91,70,62,2615,465,720,138.23,905,233.03,2860,617.54,53080,1469,51940,1452,25,25,540,156,1665,370,0,32,48670,1432,475,79,165,103,310,259,40,58,45,51,1140,278,540,101.14,705,186.94,2015,455.35,69860,1808,66250,1785,25,25,765,188,2060,488,0,32,61605,1777,620,101,290,155,735,366,75,91,70,62,3615,565,720,138.23,1055,243.66,2870,616.75,54375,1458,52300,1451,25,25,695,168,1675,372,0,32,48865,1420,475,79,165,103,310,259,40,58,45,51,2075,387,540,101.14,860,197.06,2025,456.98
47021,"State House District 21 (2022), Tennessee",Tennessee,State House District 21 (2022),47,21,66465,1415,62975,1461,80,49,470,144,1335,205,0,32,59880,1500,570,121,100,73,400,163,20,33,115,88,3485,446,670,134.65,570,161.45,1755,263.98,53815,1342,52015,1372,60,34,305,93,1105,137,0,32,49755,1388,480,105,90,71,145,98,20,33,55,65,1800,275,560,115.2,395,117.0,1270,171.64,68415,1444,63230,1480,80,49,555,181,1335,205,0,32,60050,1520,570,121,100,73,400,163,20,33,115,88,5185,521,670,134.65,655,195.17,1755,263.98,55405,1371,52270,1378,60,34,390,106,1105,137,0,32,49925,1393,480,105,90,71,145,98,20,33,55,65,3135,333,560,115.2,480,127.58,1270,171.64
47022,"State House District 22 (2022), Tennessee",Tennessee,State House District 22 (2022),47,22,68325,1545,67175,1479,95,57,230,121,1145,406,0,32,64495,1563,635,80,240,150,295,123,0,32,40,43,1150,370,730,103.31,470,192.72,1440,425.43,54170,1119,53465,1121,90,46,230,121,885,294,0,32,51355,1162,525,86,70,62,265,114,0,32,40,43,705,192,615,102.65,300,135.96,1150,316.95,68980,1542,67300,1488,95,57,250,122,1155,409,0,32,64585,1564,640,79,240,150,295,123,0,32,40,43,1680,476,735,102.54,490,193.35,1450,428.29,54700,1135,53590,1128,90,46,250,122,900,295,0,32,51445,1161,530,85,70,62,265,114,0,32,40,43,1110,297,620,101.81,320,136.85,1165,317.88
47023,"State House District 23 (2022), Tennessee",Tennessee,State House District 23 (2022),47,23,66525,1010,64650,1016,55,40,380,86,1710,227,0,32,60670,1024,820,92,50,34,900,212,0,32,55,49,1875,298,875,105.3,430,92.48,2610,312.25,51880,854,50980,831,50,38,240,86,1395,171,0,32,48195,829,660,77,40,32,345,158,0,32,50,49,900,282,710,91.64,280,91.76,1740,235.01,67405,1016,64830,1015,55,40,475,59,1720,224,0,32,60750,1025,820,92,50,34,900,212,0,32,60,49,2575,127,875,105.3,525,68.1,2620,310.07,52745,832,51160,827,50,38,335,58,1405,166,0,32,48270,822,660,77,40,32,345,158,0,32,50,51,1585,69,710,91.64,375,66.24,1750,231.4
47024,"State House District 24 (2022), Tennessee",Tennessee,State House District 24 (2022),47,24,68700,1550,62705,1494,65,53,645,201,4285,514,10,16,55750,1539,505,82,145,85,1205,363,15,26,85,60,5990,484,585,101.04,790,218.23,5505,629.79,53200,1146,50045,1152,50,43,535,182,3025,374,10,16,45340,1156,390,72,45,36,560,219,15,26,75,64,3155,306,455,87.8,580,185.53,3600,434.18,71540,1541,63895,1492,65,53,1140,176,4520,497,10,16,56165,1564,505,82,185,96,1205,363,15,26,85,60,7645,443,585,101.04,1325,200.48,5740,616.0,55700,1140,51020,1140,50,43,910,142,3260,352,10,16,45665,1161,390,72,85,73,560,219,15,26,75,64,4680,270,455,87.8,995,159.67,3835,415.38
47025,"State House District 25 (2022), Tennessee",Tennessee,State House District 25 (2022),47,25,69550,743,67245,659,75,44,150,121,535,96,0,32,65465,657,585,79,30,35,95,70,0,32,305,174,2305,384,660,95.92,180,125.96,630,123.04,57240,567,55845,515,75,44,150,121,445,114,0,32,54295,507,520,84,25,28,30,39,0,32,305,174,1395,241,595,100.08,175,124.2,475,124.66,70550,667,67560,625,75,44,220,157,535,96,0,32,65710,640,585,79,30,35,95,70,0,32,305,174,2990,309,660,95.92,250,160.85,630,123.04,58035,507,56165,487,75,44,220,157,445,114,0,32,54540,496,520,84,25,28,30,39,0,32,305,174,1870,203,595,100.08,245,159.48,475,124.66
47026,"State House District 26 (2022), Tennessee",Tennessee,State House District 26 (2022),47,26,71665,2455,69005,2427,40,30,1320,405,3480,763,10,16,62885,2237,290,100,310,180,490,294,0,32,180,128,2660,600,330,109.2,1630,443.2,3970,818.31,57355,1869,55580,1827,40,30,1055,310,2805,589,10,16,51025,1748,260,86,140,107,150,98,0,32,100,77,1775,371,300,96.54,1195,327.95,2955,597.95,72800,2475,69495,2445,40,30,1565,503,3565,761,10,16,63045,2247,290,100,310,180,490,294,0,32,180,128,3305,750,330,109.2,1875,534.24,4055,816.44,58455,1909,56040,1860,40,30,1285,407,2875,579,10,16,51185,1751,260,86,140,107,150,98,0,32,100,77,2415,517,300,96.54,1425,420.83,3025,588.11
47027,"State House District 27 (2022), Tennessee",Tennessee,State House District 27 (2022),47,27,73020,2068,71310,2082,30,30,900,309,2460,707,30,32,65045,2076,710,120,590,226,1200,616,0,32,345,252,1710,507,740,127.77,1490,382.83,3660,938.26,57275,1551,56385,1571,30,30,715,252,1725,421,30,32,52265,1543,615,103,220,111,650,522,0,32,130,122,890,306,645,111.95,935,275.36,2375,671.38,74205,2079,71775,2077,30,30,1090,327,2520,708,30,32,65135,2066,710,120,670,233,1245,631,0,32,345,252,2430,646,740,127.77,1760,401.52,3765,948.92,58365,1557,56805,1556,30,30,900,271,1790,423,30,32,52355,1532,615,103,260,118,695,528,0,32,130,122,1565,404,645,111.95,1160,295.58,2485,677.3
47028,"State House District 28 (2022), Tennessee",Tennessee,State House District 28 (2022),47,28,69155,2108,63935,2152,35,30,320,152,38300,1729,45,63,22325,1441,250,122,240,118,1795,591,415,251,205,117,5225,803,700,280.69,560,192.43,40510,1844.38,52990,1515,51305,1566,35,30,270,142,28985,1283,45,63,20245,1250,180,82,175,93,950,368,320,199,105,80,1680,412,535,217.31,445,169.74,30255,1349.49,74430,2146,65105,2103,35,30,495,209,39055,1715,45,63,22550,1423,250,122,240,118,1795,591,415,251,220,121,9325,992,700,280.69,735,240.01,41265,1831.26,57250,1513,52280,1531,35,30,420,180,29580,1215,45,63,20455,1240,180,82,175,93,950,368,320,199,120,86,4970,576,535,217.31,595,202.61,30850,1285.01
47029,"State House District 29 (2022), Tennessee",Tennessee,State House District 29 (2022),47,29,72635,2168,68885,2232,125,115,1205,344,10810,1431,4,6,54515,2112,470,154,480,243,1015,409,120,141,140,101,3750,809,715,238.37,1685,421.17,11945,1494.97,57830,1752,55570,1732,40,42,935,270,8835,1226,4,6,44625,1706,380,117,235,145,305,145,120,141,90,76,2260,483,540,187.97,1170,306.47,9260,1242.57,75080,2127,70235,2232,125,115,1745,430,11000,1418,4,6,55135,2142,470,154,480,243,1015,409,120,141,145,104,4845,1025,715,238.37,2225,493.91,12135,1482.53,59910,1725,56770,1739,40,42,1475,352,9010,1209,4,6,45105,1726,380,117,235,145,305,145,120,141,95,79,3140,596,540,187.97,1710,380.7,9435,1225.8
47030,"State House District 30 (2022), Tennessee",Tennessee,State House District 30 (2022),47,30,70965,1845,65030,1960,50,41,1925,435,8990,1168,20,31,52390,1931,465,128,310,150,760,332,50,65,70,63,5940,852,565,149.3,2235,460.14,9800,1216.01,55230,1344,52405,1481,25,25,1500,378,6555,867,20,31,43290,1635,395,103,195,112,340,180,50,65,35,36,2820,552,470,124.33,1695,394.24,6945,887.87,74400,1936,65950,2002,50,41,2425,545,9020,1160,20,31,52705,1974,465,128,340,158,795,333,50,65,80,68,8450,1105,565,149.3,2765,567.44,9865,1208.6,58415,1417,53265,1523,25,25,1935,452,6585,863,20,31,43610,1683,395,103,225,118,375,195,50,65,45,42,5150,747,470,124.33,2160,467.15,7010,887.14
47031,"State House District 31 (2022), Tennessee",Tennessee,State House District 31 (2022),47,31,69650,307,67420,93,95,60,250,90,1550,347,20,34,63845,70,835,68,15,28,665,376,65,81,70,77,2235,329,995,121.59,265,94.25,2280,518.02,55355,501,54320,419,95,60,125,90,1470,389,20,34,51635,68,630,83,15,28,210,145,65,81,55,70,1035,310,790,130.58,140,94.25,1745,422.97,70905,0,67630,37,95,60,375,95,1550,347,20,34,63935,32,835,68,15,28,665,376,65,81,70,77,3275,36,995,121.59,390,99.04,2280,518.02,56560,427,54530,426,95,60,250,90,1470,389,20,34,51720,32,630,83,15,28,210,145,65,81,55,70,2030,37,790,130.58,265,94.25,1745,422.97
47032,"State House District 32 (2022), Tennessee",Tennessee,State House District 32 (2022),47,32,71470,1232,68715,1230,100,64,405,195,1530,232,0,32,65060,1229,670,105,115,71,740,238,4,14,90,84,2755,378,774,123.76,520,207.52,2274,332.66,57710,1158,56155,1126,50,42,380,184,1325,169,0,32,53465,1094,595,79,60,43,245,132,4,14,30,33,1555,211,649,90.56,440,188.96,1574,214.9,72630,1240,69040,1239,100,64,490,181,1530,232,0,32,65300,1245,670,105,115,71,740,238,4,14,90,84,3590,490,774,123.76,605,194.43,2274,332.66,58755,1148,56450,1139,50,42,465,170,1325,169,0,32,53675,1111,595,79,60,43,245,132,4,14,30,33,2305,318,649,90.56,525,175.35,1574,214.9
47033,"State House District 33 (2022), Tennessee",Tennessee,State House District 33 (2022),47,33,66420,1022,64165,968,75,39,660,191,2610,349,80,129,58580,921,560,72,235,135,1135,330,45,63,185,129,2260,228,680,103.32,895,233.89,3790,484.43,52035,884,50765,864,70,36,470,139,2005,232,25,31,46915,807,465,68,215,125,445,190,45,63,110,78,1270,188,580,99.44,685,186.94,2495,306.42,67710,947,64950,932,85,44,1015,152,2615,350,80,129,58920,921,560,72,235,135,1205,350,45,63,185,129,2765,178,690,105.3,1250,203.3,3865,498.97,53205,813,51465,806,80,42,770,125,2010,232,25,31,47225,796,465,68,215,125,510,219,45,63,110,78,1745,116,590,101.77,985,176.78,2565,325.2
47034,"State House District 34 (2022), Tennessee",Tennessee,State House District 34 (2022),47,34,68715,3166,64275,3198,0,32,2165,762,9230,1326,0,32,49540,2771,305,124,395,189,2225,784,10,19,395,148,4440,1249,315,129.46,2560,785.09,11465,1540.55,51455,2358,48590,2336,0,32,1655,553,7360,1109,0,32,38055,2122,275,109,125,98,895,374,10,19,215,132,2865,789,285,115.18,1780,561.62,8265,1170.52,72775,2992,66000,3092,0,32,2760,858,9500,1388,0,32,50375,2740,305,124,395,189,2260,789,10,19,395,148,6775,1716,315,129.46,3155,878.57,11770,1596.69,54670,2234,49795,2305,0,32,2025,559,7625,1149,0,32,38590,2116,275,109,125,98,930,379,10,19,215,132,4875,1135,285,115.18,2150,567.53,8565,1210.04
47035,"State House District 35 (2022), Tennessee",Tennessee,State House District 35 (2022),47,35,69665,1860,64045,1775,65,48,730,338,9925,1033,25,34,51730,1763,520,151,180,119,560,230,0,32,305,246,5625,970,585,161.64,910,358.34,10485,1058.78,54065,1542,50685,1479,65,48,560,248,6690,747,25,34,42350,1416,495,147,110,82,240,119,0,32,150,191,3375,646,560,157.91,670,261.2,6930,757.1,71515,1814,64570,1793,65,48,1015,333,9940,1034,25,34,51950,1774,520,151,180,119,560,230,0,32,305,246,6945,1145,585,161.64,1195,353.62,10500,1059.75,55750,1432,51150,1494,65,48,780,248,6705,750,25,34,42575,1419,495,147,110,82,240,119,0,32,150,191,4600,737,560,157.91,890,261.2,6945,760.06
47036,"State House District 36 (2022), Tennessee",Tennessee,State House District 36 (2022),47,36,72255,908,71135,912,10,12,150,68,325,128,15,20,69270,901,740,69,75,68,430,160,0,32,120,100,1120,169,750,77.0,225,96.17,755,207.38,57565,640,56845,653,10,13,115,68,230,114,15,20,55435,640,585,58,45,44,330,150,0,32,85,62,720,114,595,67.51,160,80.99,560,191.1,72460,910,71235,917,10,12,175,62,325,128,15,20,69340,905,740,69,75,68,430,160,0,32,120,100,1225,156,750,77.0,250,92.02,755,207.38,57750,637,56930,649,10,13,140,72,230,114,15,20,55490,638,585,58,45,44,330,150,0,32,85,62,825,94,595,67.51,185,84.38,560,191.1
47037,"State House District 37 (2022), Tennessee",Tennessee,State House District 37 (2022),47,37,62325,2254,58130,2141,45,36,1675,630,8405,1256,15,28,45480,2196,290,110,470,240,1605,528,15,24,135,151,4190,897,350,118.2,2145,674.17,10025,1362.68,48055,1798,46445,1811,45,36,1220,407,6510,1006,15,28,37465,1859,205,78,210,165,680,274,4,13,95,106,1610,487,254,86.88,1430,439.17,7194,1042.73,65570,2537,58950,2118,45,36,1925,627,8595,1278,15,28,45855,2150,290,110,470,240,1605,528,15,24,135,151,6620,1405,350,118.2,2395,671.36,10215,1382.98,50985,1919,47185,1762,45,36,1440,401,6660,1021,15,28,37835,1800,205,78,210,165,680,274,4,13,95,106,3800,833,254,86.88,1650,433.62,7344,1057.21
47038,"State House District 38 (2022), Tennessee",Tennessee,State House District 38 (2022),47,38,68780,796,67360,743,95,51,140,69,410,170,4,17,65110,693,815,94,145,96,575,210,15,24,60,47,1415,220,925,109.6,285,118.22,1000,271.25,53005,628,52455,558,95,51,140,70,320,140,4,17,50865,530,600,103,145,96,235,120,10,16,50,41,550,212,705,116.04,285,118.81,565,185.08,69555,718,67455,745,95,51,175,70,415,169,4,17,65165,696,815,94,145,96,575,210,15,24,60,47,2100,139,925,109.6,320,118.81,1005,270.62,53745,560,52545,560,95,51,175,71,320,140,4,17,50920,531,600,103,145,96,235,120,10,16,50,41,1200,89,705,116.04,320,119.4,565,185.08
47039,"State House District 39 (2022), Tennessee",Tennessee,State House District 39 (2022),47,39,71500,257,69740,193,55,50,295,101,2920,246,0,32,64320,188,745,51,140,86,975,208,0,32,290,192,1760,169,800,78.26,435,132.65,3895,323.73,57070,193,56020,149,55,50,225,77,2505,162,0,32,51985,138,655,50,95,57,375,136,0,32,130,82,1050,138,710,77.61,320,95.8,2880,213.93,72490,0,70210,0,55,50,400,101,2935,242,0,32,64665,32,750,49,150,93,975,208,0,32,290,192,2275,0,805,76.97,550,137.3,3910,320.71,57940,48,56415,34,55,50,325,68,2515,159,0,32,52255,32,655,48,105,63,375,136,0,32,130,82,1525,40,710,76.34,430,92.7,2890,211.66
47040,"State House District 40 (2022), Tennessee",Tennessee,State House District 40 (2022),47,40,68470,759,66420,690,150,53,155,96,1165,188,30,28,63425,700,580,54,150,79,535,199,25,42,210,164,2050,310,755,86.54,305,124.33,1725,276.96,53750,640,52515,582,110,49,110,65,845,115,25,27,50565,567,510,72,80,49,170,92,4,7,95,81,1235,208,624,87.37,190,81.4,1019,147.44,69715,696,66675,688,150,53,295,80,1165,188,30,28,63535,689,580,54,150,79,535,200,25,42,210,164,3040,249,755,86.54,445,112.43,1725,277.68,54750,580,52770,580,110,49,250,67,845,115,25,27,50680,553,510,72,80,49,175,93,4,7,95,81,1985,167,624,87.37,330,83.01,1024,148.06
47041,"State House District 41 (2022), Tennessee",Tennessee,State House District 41 (2022),47,41,68170,1409,66930,1383,45,33,150,73,1275,134,25,33,64535,1367,640,133,50,50,150,105,4,4,60,114,1240,163,689,137.09,200,88.48,1429,170.29,54315,1127,53600,1112,40,30,135,68,1220,138,25,33,51525,1093,525,106,25,24,75,97,4,4,30,32,715,151,569,110.24,160,72.11,1299,168.73,68440,1405,67070,1376,45,33,215,114,1280,135,25,33,64605,1364,640,133,50,50,150,105,4,4,60,114,1370,200,689,137.09,265,124.48,1434,171.07,54585,1123,53735,1105,40,30,195,94,1230,142,25,33,51595,1087,525,106,25,24,75,97,4,4,30,32,850,164,569,110.24,220,97.02,1309,172.01
47042,"State House District 42 (2022), Tennessee",Tennessee,State House District 42 (2022),47,42,71105,792,67160,673,30,41,810,172,1900,206,0,32,62840,685,550,49,290,112,605,183,0,32,130,93,3945,457,580,71.46,1100,205.25,2505,277.4,56410,626,54400,552,30,41,675,142,1495,124,0,32,51270,551,455,55,145,90,200,100,0,32,130,93,2010,300,485,75.7,820,168.12,1695,162.48,73345,667,67690,625,30,41,970,148,1925,199,0,32,63140,641,550,49,340,119,605,183,0,32,130,93,5655,309,580,71.46,1310,189.91,2530,272.24,58335,506,54905,492,30,41,805,132,1525,123,0,32,51570,496,455,55,190,98,200,100,0,32,130,93,3430,202,485,75.7,995,164.4,1725,161.72
47043,"State House District 43 (2022), Tennessee",Tennessee,State House District 43 (2022),47,43,67525,428,63885,306,30,29,220,146,1435,263,120,129,60400,261,565,32,135,130,895,236,0,32,90,96,3640,268,595,53.75,355,195.49,2330,354.81,51785,398,49960,257,25,25,80,70,1210,206,95,118,47620,191,465,34,55,59,320,183,0,32,90,96,1825,267,490,52.96,135,91.55,1530,277.4,69350,0,64435,0,30,29,350,203,1515,256,120,129,60685,32,565,30,180,184,895,236,0,32,90,96,4915,0,595,52.58,530,273.98,2410,349.65,53560,128,50460,129,25,25,210,166,1290,183,95,118,47860,32,470,31,100,113,320,183,0,32,90,96,3100,0,495,51.09,310,200.81,1610,260.77
47044,"State House District 44 (2022), Tennessee",Tennessee,State House District 44 (2022),47,44,70555,2134,67990,2238,75,57,740,253,2580,698,55,51,63410,2173,495,104,250,146,270,136,0,32,110,72,2565,676,570,122.84,990,292.1,2850,711.85,53570,1818,52325,1798,75,55,515,205,1890,541,55,51,49005,1742,400,77,165,118,130,77,0,32,85,66,1245,360,475,99.89,680,236.54,2020,547.39,72340,2178,68490,2225,75,57,1050,324,2615,697,55,51,63565,2168,495,104,250,146,270,136,0,32,110,72,3850,1099,570,122.84,1300,355.38,2885,710.86,55175,1765,52765,1803,75,55,765,255,1925,552,55,51,49160,1733,400,77,165,118,130,77,0,32,85,66,2410,685,475,99.89,930,280.98,2055,558.26
47045,"State House District 45 (2022), Tennessee",Tennessee,State House District 45 (2022),47,45,67010,1832,64395,1891,45,36,945,244,5590,840,15,29,56400,2009,370,108,345,158,505,284,115,164,60,64,2615,528,530,199.64,1290,290.69,6210,901.75,51365,1564,50045,1607,40,30,540,184,4680,652,15,29,44000,1605,245,80,195,114,175,113,115,164,35,52,1320,300,400,184.92,735,216.45,4970,681.74,68505,1819,65110,1915,45,36,1200,299,5765,818,15,29,56690,2017,370,108,345,158,505,284,115,164,60,64,3395,711,530,199.64,1545,338.18,6385,881.29,52710,1545,50710,1609,40,30,795,251,4820,632,15,29,44270,1611,245,80,195,114,175,113,115,164,35,52,2005,489,400,184.92,990,275.68,5110,662.64
47046,"State House District 46 (2022), Tennessee",Tennessee,State House District 46 (2022),47,46,74600,1639,71515,1693,35,50,855,270,5805,613,0,32,62635,1819,500,133,290,172,1225,499,25,40,140,126,3085,534,560,147.61,1145,320.13,7055,791.44,57640,1258,56175,1314,30,37,735,233,4400,464,0,32,49845,1350,365,93,95,95,590,320,25,40,85,115,1465,303,420,107.79,830,251.62,5015,565.06,76920,1656,71975,1685,35,50,1060,338,5880,636,0,32,62815,1815,500,133,290,172,1225,499,25,40,140,126,4945,663,560,147.61,1350,379.25,7130,809.38,59675,1284,56575,1325,30,37,880,257,4475,479,0,32,50025,1356,365,93,95,95,590,320,25,40,85,115,3100,448,420,107.79,975,274.0,5090,577.44
47047,"State House District 47 (2022), Tennessee",Tennessee,State House District 47 (2022),47,47,71615,442,68530,136,25,18,565,154,2475,290,4,7,63730,54,805,65,110,93,665,266,0,32,160,135,3085,404,830,74.65,675,179.9,3140,394.82,54655,270,52950,118,25,18,425,112,1750,144,4,7,49705,51,640,62,70,59,265,157,0,32,70,67,1700,217,665,72.06,495,126.59,2015,215.43,72605,0,68845,0,25,18,795,117,2475,290,20,30,63800,32,805,65,110,93,665,266,0,32,160,135,3760,0,830,74.65,905,149.46,3140,394.82,55375,61,53190,0,25,18,585,77,1750,144,20,30,49765,32,640,62,70,59,265,157,0,32,70,67,2185,62,665,72.06,655,97.01,2015,215.43
47048,"State House District 48 (2022), Tennessee",Tennessee,State House District 48 (2022),47,48,71935,2584,65355,2382,85,44,1480,512,11520,1288,50,60,49660,2352,495,127,380,201,1340,501,4,7,335,250,6585,1091,584,134.59,1860,550.04,12864,1382.03,54445,2087,51285,1937,85,44,1340,467,8925,1077,50,60,39550,1940,415,113,300,161,495,231,4,7,125,88,3160,612,504,121.47,1640,493.97,9424,1101.52,74075,2727,66250,2361,85,44,1785,532,11700,1299,50,60,50080,2357,495,127,380,201,1340,501,4,7,335,250,7825,1408,584,134.59,2165,568.7,13044,1392.28,56275,2209,52010,1895,85,44,1645,489,9040,1086,50,60,39855,1938,415,113,300,161,495,231,4,7,125,88,4265,945,504,121.47,1945,514.82,9539,1110.32
47049,"State House District 49 (2022), Tennessee",Tennessee,State House District 49 (2022),47,49,63350,2378,57565,2334,110,94,2320,666,10785,1338,40,41,41075,2183,350,138,480,337,1960,529,4,9,440,271,5790,945,464,167.22,2800,746.41,12749,1438.81,46550,1840,43380,1857,75,52,1495,437,8160,949,40,39,32050,1757,295,115,225,222,785,362,4,9,250,151,3170,544,374,126.53,1720,490.16,8949,1015.74,69995,2260,59575,2349,120,91,3125,846,11125,1415,95,87,41890,2163,350,138,480,337,1960,529,4,9,440,271,10420,1366,474,165.55,3605,910.65,13089,1510.68,51835,1704,45150,1838,75,52,2280,615,8435,1004,90,87,32710,1732,295,115,225,222,785,362,4,9,250,151,6690,848,374,126.53,2505,653.84,9224,1067.31
47050,"State House District 50 (2022), Tennessee",Tennessee,State House District 50 (2022),47,50,61385,2737,57185,2600,20,26,1670,467,7920,1463,0,32,45885,2058,550,243,405,196,625,278,10,15,105,83,4200,887,580,244.85,2075,506.46,8555,1489.25,49650,2088,47325,1966,10,18,1350,328,6125,1095,0,32,38685,1654,460,177,255,131,385,221,10,15,50,42,2325,560,480,178.54,1605,353.19,6520,1117.18,64625,2886,58945,2580,20,26,2595,598,8060,1445,0,32,46530,2060,550,243,455,200,625,278,10,15,105,83,5680,1305,580,244.85,3050,630.56,8695,1471.58,52155,2140,48815,1969,10,18,2210,484,6265,1077,0,32,39150,1647,460,177,275,134,385,221,10,15,50,42,3340,699,480,178.54,2485,502.21,6660,1099.54
47051,"State House District 51 (2022), Tennessee",Tennessee,State House District 51 (2022),47,51,69225,2958,63395,2480,25,31,1425,368,10415,1325,35,50,48795,1789,660,210,630,285,1125,420,40,60,250,157,5830,1165,725,220.59,2055,465.46,11580,1391.27,58635,2205,55365,1991,25,31,950,258,8760,1040,35,50,43875,1563,585,197,435,209,485,220,40,60,180,104,3270,681,650,208.25,1385,332.03,9285,1064.71,73620,3239,64655,2508,25,31,1825,403,10705,1358,35,50,49330,1780,660,210,640,285,1125,420,40,60,275,156,8965,1646,725,220.59,2465,493.59,11870,1422.73,62635,2361,56490,1991,25,31,1340,310,8945,1044,35,50,44385,1542,585,197,445,209,485,220,40,60,205,106,6140,1089,650,208.25,1785,373.87,9470,1068.61
47052,"State House District 52 (2022), Tennessee",Tennessee,State House District 52 (2022),47,52,59750,3028,51715,2883,15,21,940,560,20735,2151,35,35,27550,2394,165,88,1155,779,785,336,195,179,145,80,8035,1370,375,200.56,2095,959.4,21715,2184.43,43275,2073,40165,2123,15,21,660,370,15585,1581,35,35,22645,1817,165,88,405,187,385,154,145,114,125,73,3115,701,325,145.54,1065,414.57,16115,1592.57,71795,3606,55315,3137,15,21,1285,622,22665,2437,35,35,28700,2432,165,88,1325,924,785,336,195,179,145,80,16485,2112,375,200.56,2610,1113.85,23645,2466.56,53080,2645,43290,2355,15,21,940,410,17320,1860,35,35,23590,1826,165,88,575,323,385,154,145,114,125,73,9790,1333,325,145.54,1515,521.95,17850,1869.84
47053,"State House District 53 (2022), Tennessee",Tennessee,State House District 53 (2022),47,53,60165,3334,52625,2929,40,39,2600,762,10680,1575,70,60,37035,2725,365,158,615,336,905,498,0,32,315,252,7540,1328,405,165.86,3215,832.79,11585,1652.17,46140,2220,42845,2055,40,39,1805,507,8795,1242,45,50,30800,1889,170,81,455,212,435,260,0,32,295,247,3295,723,210,95.43,2260,549.54,9230,1269.33,71340,3559,57610,3029,40,39,4275,1077,12225,2030,70,60,38705,2868,365,158,710,448,905,498,0,32,315,252,13725,1819,405,165.86,4985,1166.46,13130,2090.44,55265,2270,46705,2053,40,39,3160,757,9685,1347,45,50,32325,2018,170,81,555,305,435,260,0,32,295,247,8560,1242,210,95.43,3715,816.13,10120,1372.24
47054,"State House District 54 (2022), Tennessee",Tennessee,State House District 54 (2022),47,54,68400,2711,63035,2896,130,83,655,254,38795,2255,45,47,20950,1661,215,105,155,129,1495,606,325,190,275,165,5365,1108,670,232.41,810,284.88,40615,2342.73,52830,2121,50605,2132,130,83,520,187,29840,1652,35,36,18505,1397,215,105,150,130,685,295,300,178,235,142,2220,423,645,222.71,670,227.75,30825,1687.55,73355,2714,64110,2947,130,83,1330,429,39050,2291,45,47,21060,1660,215,105,175,133,1505,608,325,190,275,165,9240,1663,670,232.41,1505,449.14,40880,2377.91,56790,2207,51460,2167,130,83,1050,345,30030,1660,35,36,18600,1399,215,105,175,133,695,295,300,178,235,142,5330,938,645,222.71,1225,369.75,31025,1695.38
47055,"State House District 55 (2022), Tennessee",Tennessee,State House District 55 (2022),47,55,58455,3002,46465,2543,80,116,2500,639,21380,2104,10,39,20560,1736,215,166,525,302,905,542,80,86,215,194,11985,1519,375,220.02,3025,706.77,22365,2174.39,39445,1908,35270,1840,80,116,1910,472,15345,1459,4,36,17045,1389,150,89,180,126,325,201,80,86,150,142,4170,655,310,169.63,2090,488.53,15750,1475.29,75510,3089,52165,2616,80,116,3260,693,24590,2395,15,60,22090,1955,215,166,710,374,905,542,80,86,215,194,23345,2090,375,220.02,3970,787.48,25575,2457.07,53345,2041,39715,1830,80,116,2575,507,17810,1625,10,56,18210,1599,150,89,320,221,325,201,80,86,150,142,13630,1359,310,169.63,2895,553.07,18215,1639.64
47056,"State House District 56 (2022), Tennessee",Tennessee,State House District 56 (2022),47,56,66020,1966,63685,1839,45,37,2765,463,4410,671,60,65,54660,1786,390,129,735,252,415,205,4,13,205,143,2330,483,439,134.83,3500,527.14,4829,701.74,56935,1821,55035,1719,40,36,2410,380,3865,484,60,65,47390,1622,365,116,520,214,300,160,4,13,85,58,1900,420,409,122.15,2930,436.11,4169,509.93,70505,2048,67135,1863,45,37,4460,661,4840,800,60,65,55885,1827,390,129,735,252,460,230,65,76,205,143,3370,697,500,154.23,5195,707.41,5365,835.87,60850,1765,58100,1660,40,36,4025,559,4160,501,60,65,48435,1612,365,116,520,214,340,163,65,76,85,58,2750,485,470,143.28,4545,598.56,4565,532.3
47057,"State House District 57 (2022), Tennessee",Tennessee,State House District 57 (2022),47,57,71805,1809,68815,1737,40,36,1190,266,5295,700,0,32,60595,1720,515,132,660,204,460,269,4,8,50,56,2990,579,559,137.05,1850,335.22,5759,749.95,53760,1439,52220,1387,40,36,905,254,3920,511,0,32,46535,1277,415,101,225,97,120,121,4,8,50,56,1540,408,459,107.52,1130,271.89,4044,525.19,74245,1610,70090,1634,40,36,2025,385,5425,719,0,32,60905,1709,515,132,665,205,460,269,4,8,55,57,4155,680,559,137.05,2690,436.18,5889,767.71,55950,1220,53340,1276,40,36,1600,308,4030,528,0,32,46845,1265,415,101,230,96,120,121,4,8,55,57,2610,459,459,107.52,1830,322.61,4154,541.75
47058,"State House District 58 (2022), Tennessee",Tennessee,State House District 58 (2022),47,58,65660,2433,62535,2442,70,48,520,151,38390,1924,110,85,21015,1341,175,83,625,312,1145,441,250,207,230,150,3125,707,495,228.13,1145,346.62,39785,1984.72,51780,1938,49935,1915,70,48,495,149,28405,1425,70,55,19525,1225,170,80,445,243,360,129,155,106,230,150,1845,483,395,141.21,940,285.04,28920,1434.75,69140,2640,63665,2451,70,48,1045,289,38780,1887,110,85,21225,1343,175,83,625,312,1145,441,250,207,235,151,5475,1163,495,228.13,1670,425.28,40175,1948.87,54855,2114,51010,1935,70,48,990,274,28775,1406,70,55,19735,1226,170,80,445,243,360,129,155,106,235,151,3845,856,395,141.21,1435,366.23,29290,1415.88
47059,"State House District 59 (2022), Tennessee",Tennessee,State House District 59 (2022),47,59,67195,2108,64450,2166,85,58,1565,436,3760,747,4,9,57350,2277,265,103,815,284,505,280,4,19,100,87,2745,554,354,119.72,2380,520.34,4269,797.98,53575,1609,51470,1681,85,58,1175,347,3015,535,0,32,46365,1726,175,56,500,245,120,73,4,19,30,33,2105,475,264,82.83,1675,424.78,3139,540.29,69335,2103,66375,2169,85,58,2230,513,3955,784,4,9,58335,2268,295,131,855,297,505,280,4,19,100,87,2960,601,384,144.52,3085,592.77,4464,832.72,55405,1609,53130,1694,85,58,1800,436,3215,584,0,32,47140,1723,210,75,530,251,120,73,4,19,30,33,2275,503,299,96.7,2330,503.09,3339,588.85
47060,"State House District 60 (2022), Tennessee",Tennessee,State House District 60 (2022),47,60,66980,2710,61680,2712,15,21,1030,423,14935,2006,0,32,43340,1780,465,140,310,140,1350,514,70,75,160,100,5295,995,550,160.21,1340,445.57,16355,2072.16,53875,1939,50955,1895,15,21,875,352,11405,1156,0,32,37195,1403,415,122,210,124,615,274,70,75,160,100,2925,534,500,144.74,1085,373.2,12090,1190.39,70615,2854,63390,2719,15,21,1740,554,15045,2062,0,32,44205,1801,475,143,310,140,1370,516,70,75,160,100,7230,1455,560,162.83,2050,571.42,16485,2126.91,57355,2026,52555,1843,15,21,1500,421,11515,1172,0,32,38030,1412,425,124,210,124,635,279,70,75,160,100,4800,1012,510,146.43,1710,438.88,12220,1207.08
47061,"State House District 61 (2022), Tennessee",Tennessee,State House District 61 (2022),47,61,66430,1647,63970,1768,40,39,2480,433,2265,602,0,32,57415,1732,250,75,705,304,565,294,0,32,255,252,2455,507,290,90.39,3185,529.06,2830,670.72,50970,1339,49015,1407,40,39,1605,315,1870,503,0,32,44265,1321,205,63,370,177,440,251,0,32,220,248,1955,389,245,80.71,1975,361.32,2310,563.06,70710,1654,67685,1780,40,39,5605,811,2330,624,0,32,57890,1707,250,75,715,307,600,303,0,32,255,252,3025,654,290,90.39,6320,867.16,2930,694.41,54295,1341,51875,1399,40,39,3985,574,1935,517,0,32,44635,1323,205,63,385,181,475,264,0,32,220,248,2420,478,245,80.71,4370,601.86,2410,581.39
47062,"State House District 62 (2022), Tennessee",Tennessee,State House District 62 (2022),47,62,70845,1012,65060,913,150,88,295,77,5360,466,4,9,56795,941,595,126,235,97,1500,449,25,32,110,70,5780,495,770,156.98,530,123.85,6885,647.91,53350,838,50830,733,95,57,185,69,4370,292,4,9,44880,715,505,91,140,68,605,261,25,32,25,33,2525,390,625,112.04,325,96.88,5000,392.95,73970,849,65455,905,150,88,440,101,5360,466,4,9,57045,944,595,126,235,97,1500,449,25,32,110,70,8515,302,770,156.98,675,140.04,6885,647.91,56070,706,51135,732,95,57,330,75,4370,292,4,9,45045,724,505,91,140,68,605,261,25,32,25,33,4935,226,625,112.04,470,101.24,5000,392.95
47063,"State House District 63 (2022), Tennessee",Tennessee,State House District 63 (2022),47,63,68260,2239,65490,2249,35,28,3445,535,2750,657,0,32,57450,2170,260,97,1060,350,315,220,0,32,165,166,2770,613,295,105.91,4505,639.32,3065,693.59,48220,1710,46510,1656,35,28,2190,438,1940,456,0,32,41375,1522,185,72,395,231,270,199,0,32,120,117,1710,407,220,83.62,2585,495.18,2210,498.56,71925,2186,68635,2236,35,28,5695,768,2750,657,0,32,58350,2157,260,97,1060,350,315,220,0,32,165,166,3290,716,295,105.91,6755,843.99,3065,693.59,51390,1671,49205,1638,35,28,4025,571,1940,456,0,32,42240,1529,185,72,395,231,270,199,0,32,120,117,2185,502,220,83.62,4420,615.96,2210,498.56
47064,"State House District 64 (2022), Tennessee",Tennessee,State House District 64 (2022),47,64,73630,1566,68145,1427,80,58,585,198,8730,777,0,32,56330,1353,470,104,280,180,1570,577,0,32,105,118,5485,591,550,123.3,865,267.59,10300,968.34,56210,1198,53250,1095,60,49,530,183,6855,422,0,32,44605,1056,425,93,140,84,595,222,0,32,40,43,2955,482,485,109.88,670,201.36,7450,477.9,75315,1461,68565,1405,80,58,825,160,8730,777,15,23,56495,1351,470,104,280,180,1570,577,0,32,105,118,6750,518,550,123.3,1105,240.83,10300,968.34,57895,1110,53670,1070,60,49,770,128,6855,422,15,23,44775,1059,425,93,140,84,595,222,0,32,40,43,4225,408,485,109.88,910,153.1,7450,477.9
47065,"State House District 65 (2022), Tennessee",Tennessee,State House District 65 (2022),47,65,70950,2108,66920,2175,4,16,1075,358,3525,674,0,32,60390,2196,455,115,265,151,745,639,0,32,455,333,4030,693,459,120.44,1340,388.54,4270,929.31,53050,1536,50905,1464,4,16,710,279,2650,483,0,32,46640,1519,340,101,210,128,175,154,0,32,180,163,2140,478,344,107.15,920,306.96,2825,507.97,73760,2151,67740,2162,4,16,1320,507,3570,679,0,32,60920,2209,455,115,265,151,745,639,0,32,455,333,6020,956,459,120.44,1585,529.01,4315,932.94,55555,1545,51660,1440,4,16,920,343,2690,484,0,32,47140,1523,340,101,210,128,175,154,0,32,180,163,3895,678,344,107.15,1130,366.11,2865,508.92
47066,"State House District 66 (2022), Tennessee",Tennessee,State House District 66 (2022),47,66,71595,406,66800,138,65,50,410,109,5335,304,10,18,59470,77,490,48,205,90,660,208,4,10,155,194,4795,371,559,70.03,615,141.35,5999,368.48,53895,328,51935,134,65,50,330,79,4030,139,10,18,46810,77,380,50,95,54,185,96,4,10,25,36,1960,293,449,71.41,425,95.69,4219,169.22,74290,0,67140,0,65,50,500,93,5455,313,10,18,59570,32,490,48,205,90,685,218,4,10,155,194,7150,0,559,70.03,705,129.42,6144,381.57,56380,0,52250,0,65,50,425,57,4150,111,10,18,46910,32,380,50,95,54,185,96,4,10,25,36,4130,0,449,71.41,520,78.52,4339,147.1
47067,"State House District 67 (2022), Tennessee",Tennessee,State House District 67 (2022),47,67,74050,2647,65995,2538,140,97,795,248,20630,1694,280,188,39765,2040,660,294,595,330,2350,625,270,285,515,246,8050,997,1070,420.8,1390,412.8,23250,1827.97,53660,1644,48680,1734,100,63,710,197,14880,1218,125,56,30850,1445,465,199,265,152,735,306,270,285,285,132,4980,636,835,353.26,975,248.82,15885,1287.78,77090,2666,67555,2627,140,97,1080,304,21055,1649,445,261,40450,2143,660,294,595,331,2350,625,270,285,515,246,9535,1071,1070,420.8,1675,449.42,23675,1786.35,56570,1685,50160,1833,100,63,995,275,15230,1196,290,120,31530,1540,465,199,265,152,735,306,270,285,285,132,6410,720,835,353.26,1260,314.21,16235,1267.0
47068,"State House District 68 (2022), Tennessee",Tennessee,State House District 68 (2022),47,68,75920,2512,71185,2602,115,81,1930,378,8265,1215,35,56,57420,2236,405,139,860,303,1305,405,20,25,840,458,4735,761,540,162.81,2790,484.45,9590,1280.97,55000,1695,52520,1779,115,81,1255,287,6315,930,30,57,43195,1570,360,118,350,171,605,291,20,25,280,229,2480,570,495,145.29,1605,334.08,6940,974.79,77460,2471,72290,2557,115,81,2445,488,8390,1221,35,56,57865,2199,405,139,860,303,1325,405,20,25,840,458,5170,790,540,162.81,3305,574.42,9735,1286.66,56545,1651,53625,1742,115,81,1770,381,6440,938,30,57,43640,1532,360,118,350,171,625,288,20,25,280,229,2920,613,495,145.29,2120,417.61,7085,981.54
47069,"State House District 69 (2022), Tennessee",Tennessee,State House District 69 (2022),47,69,65990,1428,63965,1285,195,64,160,124,1810,373,0,32,60045,1236,690,215,40,43,670,213,0,32,355,313,2025,411,885,226.59,200,131.24,2480,430.72,51460,1021,50075,971,150,47,100,97,1660,286,0,32,47205,918,500,141,20,28,220,104,0,32,220,186,1385,248,650,152.03,120,100.96,1880,306.0,66675,1392,64315,1260,195,64,235,181,1845,376,0,32,60290,1238,690,215,40,43,670,213,0,32,355,313,2360,380,885,226.59,275,186.04,2515,433.32,52130,968,50410,942,150,47,160,132,1690,291,0,32,47450,917,500,141,20,28,220,104,0,32,220,186,1720,204,650,152.03,180,134.94,1910,310.68
47070,"State House District 70 (2022), Tennessee",Tennessee,State House District 70 (2022),47,70,71380,1221,69670,1220,20,18,345,117,3185,412,0,32,64025,1275,705,114,205,95,695,239,410,345,85,78,1710,270,1135,363.79,550,150.71,4290,588.12,54830,1019,53885,1005,15,14,265,93,2585,254,0,32,49870,1015,600,98,85,80,205,136,220,199,40,44,945,256,835,222.26,350,122.67,3010,350.16,72110,1216,69940,1224,20,18,395,108,3220,413,0,32,64175,1274,705,114,240,105,695,239,410,345,85,78,2165,327,1135,363.79,635,150.63,4325,588.83,55530,986,54130,1002,15,14,315,81,2620,255,0,32,50015,1008,600,98,95,79,205,136,220,199,40,44,1400,284,835,222.26,410,113.15,3045,350.89
47071,"State House District 71 (2022), Tennessee",Tennessee,State House District 71 (2022),47,71,72405,1647,70175,1636,45,34,180,115,4290,637,25,40,63475,1621,1040,225,180,108,830,350,30,35,80,62,2235,403,1115,230.23,360,157.76,5150,727.66,56220,1273,55115,1273,40,32,100,83,3290,404,25,40,50415,1233,700,177,110,93,330,180,30,35,80,62,1105,244,770,183.24,210,124.65,3650,443.67,73170,1646,70275,1640,45,34,215,126,4290,637,25,40,63540,1624,1040,225,180,108,830,350,30,35,80,62,2895,611,1115,230.23,395,165.95,5150,727.66,56985,1280,55215,1282,40,32,130,100,3290,404,25,40,50480,1245,700,177,110,93,330,180,30,35,80,62,1770,460,770,183.24,240,136.56,3650,443.67
47072,"State House District 72 (2022), Tennessee",Tennessee,State House District 72 (2022),47,72,67655,910,65995,889,125,94,225,194,2615,234,0,32,61590,843,535,148,235,112,645,206,0,32,30,44,1660,284,660,178.22,460,224.01,3260,313.39,53645,670,52595,671,125,94,180,149,1965,177,0,32,49360,642,465,141,195,115,285,143,0,32,25,47,1045,188,590,172.46,375,188.22,2250,229.79,68080,886,66245,869,125,94,320,243,2615,234,0,32,61750,829,535,148,235,112,645,206,0,32,30,44,1830,302,660,178.22,555,267.57,3260,313.39,54025,649,52810,660,125,94,270,189,1965,177,0,32,49480,635,465,141,195,115,285,143,0,32,25,47,1215,184,590,172.46,465,221.24,2250,229.79
47073,"State House District 73 (2022), Tennessee",Tennessee,State House District 73 (2022),47,73,66590,1407,63930,1314,40,44,675,155,15620,1276,85,134,45090,976,935,419,410,149,825,283,15,27,230,130,2660,448,990,422.17,1085,215.0,16460,1307.28,52465,1050,51290,981,40,44,610,141,12130,882,85,134,37085,702,725,314,195,87,285,169,15,27,120,74,1175,298,780,318.22,805,165.68,12430,898.45,68135,1345,64255,1330,40,44,825,136,15645,1268,85,134,45235,989,935,419,410,149,830,284,15,27,230,130,3885,432,990,422.17,1235,201.73,16490,1299.7,53795,1033,51585,995,40,44,730,109,12155,872,85,134,37230,709,725,314,195,87,290,169,15,27,120,74,2210,257,780,318.22,925,139.46,12460,888.64
47074,"State House District 74 (2022), Tennessee",Tennessee,State House District 74 (2022),47,74,68450,901,66875,857,155,76,370,132,1275,260,85,86,63135,851,575,56,250,126,925,262,0,32,110,87,1575,199,730,99.68,620,182.48,2200,370.5,54135,796,53345,750,110,69,260,113,1055,207,25,27,50705,725,425,65,110,83,595,209,0,32,65,53,785,186,535,100.05,370,140.21,1650,295.9,68925,864,67060,858,155,76,410,145,1280,258,85,86,63280,844,575,56,250,126,925,262,0,32,110,87,1865,85,730,99.68,660,192.1,2205,369.1,54575,767,53530,753,110,69,300,136,1055,208,25,27,50850,718,425,65,110,83,595,209,0,32,65,53,1045,191,535,100.05,410,159.33,1650,296.6
47075,"State House District 75 (2022), Tennessee",Tennessee,State House District 75 (2022),47,75,70905,2489,61895,2453,145,92,1605,385,15470,1629,75,69,39755,1886,515,223,440,189,2425,728,805,577,660,353,9010,973,1465,625.4,2045,428.89,18700,1875.25,51300,1743,45710,1685,130,80,1375,316,11935,1228,60,51,29860,1324,425,158,365,162,795,286,390,261,385,205,5590,645,945,315.41,1740,355.11,13120,1287.6,73405,2430,63090,2432,145,92,2075,490,15750,1650,130,118,40090,1859,515,223,440,189,2425,728,860,579,660,353,10315,1085,1520,627.24,2515,525.19,19035,1894.13,53610,1673,46720,1682,130,80,1730,365,12195,1250,105,98,30145,1301,425,158,365,162,795,286,445,259,385,205,6895,729,1000,313.76,2095,399.34,13435,1308.2
47076,"State House District 76 (2022), Tennessee",Tennessee,State House District 76 (2022),47,76,66595,1144,64990,1125,235,95,355,145,5710,386,40,40,57010,1074,370,94,155,122,985,308,15,24,120,81,1610,157,620,135.78,510,189.5,6710,494.4,53320,961,52280,936,230,91,310,125,4600,268,40,40,46245,886,285,80,125,92,350,165,15,24,80,63,1040,164,530,123.52,435,155.21,4965,315.63,67265,1120,65350,1114,235,95,595,161,5745,389,40,40,57095,1085,370,94,155,122,985,308,15,24,120,81,1915,114,620,135.78,750,202.0,6745,496.75,53870,932,52530,928,230,91,440,128,4635,265,40,40,46330,891,285,80,125,92,350,165,15,24,80,63,1340,101,530,123.52,565,157.63,5000,313.09
47077,"State House District 77 (2022), Tennessee",Tennessee,State House District 77 (2022),47,77,65020,779,62735,726,110,61,160,84,9925,425,65,68,50800,606,500,105,225,77,775,285,30,31,145,100,2285,307,640,125.33,385,113.95,10730,512.65,50490,598,49370,550,110,60,155,84,7205,324,65,68,40820,490,405,100,130,86,355,209,30,31,95,84,1120,240,545,120.67,285,120.22,7590,386.8,65805,774,62880,732,110,61,220,81,9925,425,65,68,50875,610,500,105,240,78,775,285,30,31,145,100,2920,313,640,125.33,460,112.45,10730,512.65,51275,554,49515,549,110,60,215,81,7205,324,65,68,40895,491,405,100,145,87,355,209,30,31,95,84,1755,184,545,120.67,360,118.87,7590,386.8
47078,"State House District 78 (2022), Tennessee",Tennessee,State House District 78 (2022),47,78,66910,1434,64070,1293,135,67,165,66,1975,346,10,19,59840,1279,535,84,110,92,960,312,4,12,340,247,2840,449,674,108.12,275,113.23,2939,466.05,52020,991,50470,959,105,55,90,70,1695,265,10,19,47495,969,485,69,35,38,305,162,0,32,255,188,1550,289,590,93.86,125,79.65,2000,312.24,68035,1392,64650,1260,135,67,305,82,2070,354,10,19,60180,1238,535,84,110,92,960,312,4,12,340,247,3385,381,674,108.12,415,123.24,3034,472.02,53040,955,51020,921,105,55,205,72,1790,274,10,19,47840,918,485,69,35,38,305,162,0,32,255,188,2020,201,590,93.86,240,81.41,2095,319.91
47079,"State House District 79 (2022), Tennessee",Tennessee,State House District 79 (2022),47,79,64805,1353,63250,1349,140,72,70,61,9085,559,10,15,51045,1298,725,280,135,68,1835,408,25,29,180,145,1555,201,890,290.56,205,91.35,10945,692.67,49265,952,48435,947,120,63,50,52,6905,436,4,6,40165,910,425,139,80,50,485,163,25,29,180,144,830,132,570,155.34,130,72.14,7415,466.38,65360,1306,63430,1307,140,72,100,85,9085,559,10,18,51190,1269,725,280,135,68,1835,408,25,29,180,145,1930,292,890,290.56,235,108.85,10945,692.67,49760,879,48555,908,120,63,80,79,6905,436,4,5,40255,883,425,139,80,50,485,163,25,29,180,144,1205,209,570,155.34,160,93.49,7415,466.38
47080,"State House District 80 (2022), Tennessee",Tennessee,State House District 80 (2022),47,80,65475,1352,63880,1304,125,89,225,149,37930,1247,4,13,24070,1090,790,307,80,84,450,208,165,158,45,40,1600,361,1080,356.56,305,171.05,38545,1274.06,50350,1048,49285,1027,120,89,135,101,27980,881,4,13,19900,841,730,283,30,32,225,107,115,104,45,40,1065,240,965,314.37,165,105.95,28320,893.55,66360,1351,64215,1317,125,89,265,155,37985,1250,4,13,24305,1131,790,307,80,84,455,209,165,158,45,40,2145,503,1080,356.56,345,176.3,38605,1277.16,51020,1072,49585,1046,120,89,175,107,28035,885,4,13,20095,848,730,283,30,32,230,109,115,104,45,40,1430,293,965,314.37,205,111.68,28380,897.73
47081,"State House District 81 (2022), Tennessee",Tennessee,State House District 81 (2022),47,81,66135,403,64270,358,105,67,265,131,12605,433,0,32,49700,355,510,93,365,122,585,314,4,10,125,114,1865,255,619,115.06,630,179.01,13194,534.96,50445,394,49290,360,80,45,245,127,9515,290,0,32,38450,300,430,77,230,118,240,151,4,10,95,100,1155,182,514,89.74,475,173.36,9759,327.11,66495,332,64420,345,105,67,320,126,12605,433,0,32,49760,344,510,93,400,122,585,314,4,10,130,113,2080,204,619,115.06,720,175.39,13194,534.96,50805,314,49435,332,80,45,300,117,9515,290,0,32,38510,291,430,77,265,101,240,151,4,10,95,99,1365,101,514,89.74,565,154.56,9759,327.11
47082,"State House District 82 (2022), Tennessee",Tennessee,State House District 82 (2022),47,82,65495,1243,63130,1214,335,188,255,51,12260,561,10,19,48155,1160,800,310,90,59,1155,316,20,25,45,35,2365,262,1155,363.41,345,77.99,13435,644.36,49990,867,48940,864,230,150,225,49,9720,416,4,8,37495,790,670,267,65,48,475,208,15,25,35,33,1055,175,915,307.27,290,68.59,10210,465.77,66690,1328,63240,1211,335,188,310,63,12260,561,10,19,48200,1154,800,310,90,59,1170,316,20,25,45,35,3450,376,1155,363.41,400,86.31,13450,644.36,51140,917,49035,849,230,150,275,61,9720,416,4,8,37540,781,670,267,65,48,475,208,15,25,35,33,2110,253,915,307.27,340,77.62,10210,465.77
47083,"State House District 83 (2022), Tennessee",Tennessee,State House District 83 (2022),47,83,67170,2415,64475,2490,20,25,2750,651,15195,2169,0,32,44990,1901,205,83,365,159,745,287,70,59,135,80,2695,775,295,104.86,3115,670.14,16010,2188.7,51065,1875,49625,1882,20,25,1790,525,10965,1598,0,32,35900,1409,140,65,175,95,490,208,30,31,110,77,1440,412,190,76.23,1965,533.53,11485,1611.78,69705,2323,66585,2411,20,25,4325,911,15265,2181,0,32,45455,1894,205,83,365,159,745,287,70,59,135,80,3115,831,295,104.86,4690,924.77,16080,2200.59,53175,1898,51360,1907,20,25,3135,715,11035,1605,0,32,36225,1419,140,65,175,95,490,208,30,31,110,77,1815,467,190,76.23,3310,721.28,11555,1618.72
47084,"State House District 84 (2022), Tennessee",Tennessee,State House District 84 (2022),47,84,63230,3527,58580,3416,15,19,175,122,54410,3500,70,107,3380,569,50,45,55,56,380,271,20,25,30,45,4650,1084,85,54.87,230,134.24,54810,3510.56,45155,2152,43235,2065,15,19,165,114,39450,2169,70,107,3300,557,50,45,40,49,120,73,20,25,0,32,1920,594,85,54.87,205,124.08,39590,2170.37,66775,3571,58900,3436,15,19,205,129,54650,3525,70,107,3430,571,50,45,55,56,380,271,20,25,30,45,7875,1425,85,54.87,260,140.63,55050,3535.49,48240,2225,43485,2093,15,19,190,119,39625,2209,70,107,3350,561,50,45,40,49,120,73,20,25,0,32,4755,879,85,54.87,230,128.69,39765,2210.35
47085,"State House District 85 (2022), Tennessee",Tennessee,State House District 85 (2022),47,85,69355,3378,67365,3285,40,63,790,240,59690,3310,0,32,5840,1167,30,34,205,155,520,517,140,144,105,112,1990,569,210,160.81,995,285.7,60350,3353.23,50810,2248,49715,2194,35,54,610,197,43580,2209,0,32,5025,1045,30,34,205,155,115,94,45,53,70,102,1095,376,110,82.95,815,250.67,43740,2211.63,71055,3466,68090,3255,40,63,1455,450,59730,3311,0,32,5865,1169,30,34,205,155,520,517,140,144,105,112,2965,765,210,160.81,1660,475.95,60390,3354.21,52465,2303,50445,2173,35,54,1275,415,43615,2208,0,32,5050,1045,30,34,205,155,115,94,45,53,70,102,2020,571,110,82.95,1480,443.0,43775,2210.64
47086,"State House District 86 (2022), Tennessee",Tennessee,State House District 86 (2022),47,86,66860,3059,64905,3033,45,37,705,281,46010,2884,0,32,16590,1257,200,102,150,119,680,341,225,105,305,273,1955,702,470,150.99,855,305.16,46915,2905.99,51505,2100,50800,2046,45,37,625,260,34525,2004,0,32,14645,950,175,88,80,58,315,180,210,101,180,173,705,229,430,138.97,705,266.39,35050,2014.6,68330,3051,65785,3039,45,37,1195,337,46080,2886,0,32,16895,1270,200,102,165,121,680,341,225,105,305,273,2545,805,470,150.99,1360,358.06,46985,2907.97,52880,2088,51660,2041,45,37,1090,319,34600,2010,0,32,14950,967,175,88,95,63,315,180,210,101,180,173,1225,334,430,138.97,1185,325.16,35125,2020.57
47087,"State House District 87 (2022), Tennessee",Tennessee,State House District 87 (2022),47,87,68145,3608,62750,3642,4,8,230,182,53690,3476,0,32,7570,845,65,51,35,43,940,398,85,117,130,75,5395,1043,154,127.88,265,187.01,54715,3500.67,45765,1945,43800,2012,4,8,145,127,36485,1921,0,32,6460,688,55,47,20,30,535,330,20,29,70,49,1965,571,79,55.8,165,130.5,37040,1949.35,73275,3626,64270,3678,4,8,280,217,54915,3461,0,32,7820,979,65,51,35,43,940,398,85,117,130,75,9005,1325,154,127.88,315,221.22,55940,3485.77,50220,1982,45115,1973,4,8,200,156,37560,1875,0,32,6655,720,55,47,20,30,535,330,20,29,70,49,5105,877,79,55.8,220,158.86,38115,1904.04
47088,"State House District 88 (2022), Tennessee",Tennessee,State House District 88 (2022),47,88,68970,3713,66950,3738,25,31,1085,556,47845,3703,20,22,16605,1362,165,96,185,129,720,509,120,97,175,132,2020,638,310,139.95,1270,570.77,48685,3739.08,50200,2491,49240,2509,25,31,840,409,33675,2450,20,22,14005,1112,165,96,85,74,195,135,120,97,120,103,960,297,310,139.95,925,415.64,33990,2455.63,70915,3800,67770,3754,25,31,1345,604,48130,3712,35,40,16840,1390,165,96,185,129,745,505,120,97,180,132,3145,914,310,139.95,1530,617.62,48995,3747.45,52065,2555,50055,2552,25,31,1100,454,33945,2463,35,40,14240,1144,165,96,85,74,220,141,120,97,120,104,2010,520,310,139.95,1185,459.99,34285,2468.94
47089,"State House District 89 (2022), Tennessee",Tennessee,State House District 89 (2022),47,89,66145,2328,63315,2434,80,69,1205,306,3155,632,140,118,57115,2612,325,117,720,312,430,242,85,85,55,55,2830,657,490,160.23,1925,437.01,3670,682.07,49400,1650,48020,1666,45,34,945,239,2220,447,110,80,43820,1757,280,94,255,148,205,176,85,85,55,55,1380,378,410,131.21,1200,281.11,2510,487.86,68650,2323,64465,2461,80,69,1855,370,3330,685,165,141,57415,2610,325,117,720,312,430,242,85,85,55,55,4185,1074,490,160.23,2575,483.99,3845,731.45,51755,1616,49085,1667,45,34,1560,279,2365,483,130,102,44100,1747,280,94,255,148,205,176,85,85,55,55,2670,715,410,131.21,1815,315.82,2655,521.05
47090,"State House District 90 (2022), Tennessee",Tennessee,State House District 90 (2022),47,90,64195,2210,60885,2181,65,61,750,340,7260,988,25,52,49905,2106,495,145,390,229,1400,414,120,82,470,247,3310,684,680,177.4,1140,409.93,8780,1074.37,52505,1862,51005,1868,65,61,575,250,5730,711,25,52,42985,1750,435,132,245,121,625,266,120,82,190,136,1500,366,620,166.94,820,277.74,6475,763.55,68870,2366,62490,2196,65,61,1415,408,7530,1037,25,52,50525,2125,495,145,435,288,1400,414,120,82,475,245,6375,1006,680,177.4,1850,499.41,9050,1119.59,56330,1881,52485,1853,65,61,1190,318,5925,732,25,52,43605,1766,435,132,290,174,625,266,120,82,200,136,3845,588,620,166.94,1480,362.49,6670,783.14
47091,"State House District 91 (2022), Tennessee",Tennessee,State House District 91 (2022),47,91,71410,2988,67960,3090,55,53,820,274,49035,2984,0,32,16760,965,130,83,180,96,585,286,75,68,320,201,3450,893,260,119.67,1000,290.33,49695,2998.45,55525,1811,54085,1894,55,53,695,228,37545,1850,0,32,14980,911,95,68,115,68,375,186,75,68,150,109,1440,365,225,109.8,810,237.92,37995,1860.57,74355,3091,68910,3131,55,53,1120,330,49425,3002,0,32,17010,978,130,82,185,98,585,286,75,68,320,201,5445,1386,260,118.98,1305,344.24,50085,3016.36,57775,1845,55010,1940,55,53,990,284,37920,1880,0,32,15225,918,100,68,115,68,375,186,75,68,150,109,2765,659,230,109.8,1105,292.03,38370,1890.4
47092,"State House District 92 (2022), Tennessee",Tennessee,State House District 92 (2022),47,92,72410,886,68270,1062,65,49,630,274,2485,467,0,32,62885,1100,345,105,315,313,1275,307,205,198,65,78,4140,603,615,229.41,945,415.99,3965,592.91,52490,1187,50475,1157,55,40,450,216,1825,309,0,32,46685,1171,290,88,155,147,760,217,205,198,50,73,2015,395,550,220.34,605,261.28,2790,426.35,73490,842,68615,1064,65,49,745,334,2495,469,0,32,63095,1091,345,105,315,313,1275,307,205,198,65,78,4880,615,615,229.41,1060,457.74,3975,594.49,53540,1142,50785,1152,55,40,550,253,1835,309,0,32,46880,1159,290,88,155,147,760,217,205,198,50,73,2755,391,550,220.34,705,292.61,2800,426.35
47093,"State House District 93 (2022), Tennessee",Tennessee,State House District 93 (2022),47,93,62580,3531,55900,3295,45,61,410,215,40975,3269,0,32,13760,1480,170,85,25,39,300,165,145,98,70,92,6685,1413,360,143.35,435,218.51,41420,3274.63,45965,2123,43995,2088,45,61,325,193,31780,2119,0,32,11480,1044,125,62,25,39,95,105,85,60,40,39,1965,455,255,105.66,350,196.9,31960,2122.45,70005,3944,56640,3332,45,61,655,314,41310,3308,0,32,13915,1493,170,85,25,39,300,165,145,98,70,95,13365,2243,360,143.35,680,316.41,41755,3313.56,51680,2352,44665,2122,45,61,550,289,32070,2151,0,32,11635,1058,125,62,25,39,95,105,85,60,40,41,7010,1019,255,105.66,575,291.62,32250,2154.4
47094,"State House District 94 (2022), Tennessee",Tennessee,State House District 94 (2022),47,94,70255,524,68605,415,90,68,335,113,13345,331,0,32,53255,366,510,109,150,47,820,278,25,28,80,72,1650,219,625,131.49,485,122.38,14190,433.16,56460,477,55575,368,70,42,190,42,10605,277,0,32,43750,291,415,134,80,38,375,164,25,28,60,67,885,220,510,143.19,270,56.64,11005,323.12,70925,403,68855,403,90,68,405,114,13360,333,0,32,53420,352,510,109,150,47,820,278,25,28,80,72,2070,13,625,131.49,555,123.31,14205,434.69,57105,357,55800,355,70,42,260,39,10620,279,0,32,43895,275,415,134,80,38,375,164,25,28,60,67,1305,13,510,143.19,340,54.45,11020,324.84
47095,"State House District 95 (2022), Tennessee",Tennessee,State House District 95 (2022),47,95,66725,2392,63920,2463,4,17,4145,799,7595,2115,220,337,50230,1949,520,157,725,264,355,174,10,15,120,158,2805,1070,534,158.63,4870,841.48,7960,2122.2,47835,1905,46520,1934,4,17,2190,536,5775,1544,145,226,37485,1411,365,117,240,120,200,132,10,15,105,158,1315,498,379,119.18,2430,549.27,5985,1549.7,71265,2340,67935,2428,4,17,7130,1120,7865,2135,220,337,50990,1958,520,157,725,264,355,174,10,15,120,158,3330,1217,534,158.63,7855,1150.69,8230,2142.13,51830,1772,50055,1829,4,17,4875,773,5890,1539,145,226,38220,1459,365,117,240,120,200,132,10,15,105,158,1770,553,379,119.18,5115,782.26,6100,1544.72
47096,"State House District 96 (2022), Tennessee",Tennessee,State House District 96 (2022),47,96,66070,3389,61605,3451,65,58,1700,605,40340,3425,150,229,17300,1433,100,67,225,203,925,374,185,152,610,544,4465,961,350,175.95,1925,638.15,41450,3448.71,50360,2487,48095,2530,65,58,1305,449,29820,2295,145,229,15570,1173,100,67,205,201,640,312,110,81,140,89,2265,522,275,120.06,1510,491.94,30570,2317.53,69195,3555,62840,3485,65,58,2455,840,40440,3409,150,229,17680,1507,100,67,225,203,925,374,185,152,610,544,6355,1327,350,175.95,2680,864.18,41550,3432.82,53265,2630,49245,2577,65,58,2045,687,29915,2280,145,229,15885,1212,100,67,205,201,640,312,110,81,140,89,4015,828,275,120.06,2250,715.8,30665,2302.67
47097,"State House District 97 (2022), Tennessee",Tennessee,State House District 97 (2022),47,97,67340,3079,60370,2577,10,21,2020,467,10840,1485,120,168,45860,1968,290,99,340,171,805,387,0,32,80,71,6965,1289,300,106.14,2360,497.32,11645,1534.93,51465,2167,48480,2056,10,18,1710,393,7730,984,55,69,38125,1635,245,89,215,99,310,180,0,32,80,71,2985,559,255,96.28,1925,405.28,8040,1000.84,72175,3256,61595,2585,10,21,2630,535,11070,1513,120,168,46235,1987,290,99,355,172,805,387,0,32,80,71,10580,1825,300,106.14,2985,561.97,11875,1562.04,55535,2215,49645,2052,10,18,2300,455,7955,1002,55,69,38475,1645,245,89,215,99,310,180,0,32,80,71,5895,870,255,96.28,2515,465.65,8265,1018.54
47098,"State House District 98 (2022), Tennessee",Tennessee,State House District 98 (2022),47,98,67920,3846,63230,3736,45,35,1245,450,44710,3794,0,32,15730,1585,235,96,85,74,910,375,60,65,215,164,4685,1237,340,121.1,1330,456.04,45680,3813.04,50565,2492,48895,2547,45,35,895,327,33190,2592,0,32,13870,1435,210,93,75,68,455,238,60,65,100,91,1670,503,315,118.74,970,334.0,33705,2603.72,71365,3803,64055,3750,45,35,1890,738,44765,3793,0,32,15845,1591,235,96,85,74,910,375,60,65,225,165,7310,1813,340,121.1,1975,741.7,45735,3812.05,53830,2399,49680,2586,45,35,1500,585,33245,2591,0,32,13985,1444,210,93,75,68,455,238,60,65,110,94,4145,1082,315,118.74,1575,588.94,33760,2602.72
47099,"State House District 99 (2022), Tennessee",Tennessee,State House District 99 (2022),47,99,72300,1818,69525,1820,10,19,1330,417,14045,1448,10,24,52445,1616,540,156,400,195,610,323,15,24,115,87,2770,680,565,158.97,1730,460.34,14670,1483.78,53210,1513,51665,1490,10,19,870,273,10480,1081,10,24,39490,1395,360,121,110,79,235,137,15,24,90,81,1540,442,385,124.81,980,284.2,10730,1089.91,73785,2049,70565,2021,10,19,1770,514,14120,1453,10,24,52935,1731,540,156,430,206,620,323,15,24,115,87,3220,797,565,158.97,2200,553.74,14755,1488.66,54345,1566,52355,1510,10,19,1285,398,10555,1084,10,24,39650,1404,360,121,145,100,245,138,15,24,90,81,1990,540,385,124.81,1430,410.37,10815,1093.01
